0,lajudy,92
1,ohaggard,89
2,mcarry,91
3,wadina,90
4,utygett,89
5,lshonta,91
6,merlich,92
7,mmortal,89
8,jblack-b,90
9,eanastas,90
10,hcrakeha,91
11,aarchiba,89
12,wmozella,91
13,jobject,89
14,jcorwin,92
15,jeddard,89
16,mmargene,91
17,vambassa,91
18,mtiesha,90
19,urycherd,91
20,fdarkhaw,89
21,remelia,91
22,ameteori,92
23,tjuliean,90
24,anatasha,90
25,adian,90
26,marmand,91
27,cbridget,92
28,rfrieda,90
29,kmarg,91
30,cjudie,91
31,medeana,92
32,thsiu,90
33,ebalgruu,91
34,mdewayne,92
35,cbilbo,90
36,fmaryam,91
37,kgeorgia,90
38,wrickard,92
39,aconchit,91
40,qcredibl,89
41,dchin,90
42,ateak,90
43,modysseu,92
44,azane,89
45,rschmele,89
46,jkassand,90
47,kgolda,91
48,dmyesha,91
49,woberon,92
50,ppeapod,92
51,vearleen,91
52,fbeatris,91
53,rabderus,89
54,nbenjami,92
55,mlennock,92
56,scoach,91
57,sshield,89
58,nenvoy,92
59,hlaunch,91
60,sjosiah,90
61,jarrakis,90
62,cyuuki,91
63,buthor,89
64,krnearin,89
65,abridger,91
66,skharjo,92
67,chorse,91
68,szackary,90
69,kwarpath,89
70,deleusis,91
71,coskelet,92
72,ddurrand,91
73,ljune,91
74,rmoaney,91
75,ubeetroo,91
76,amahi,91
77,dswarm,92
78,hbecki,90
79,chfederi,89
80,ggalanga,92
81,ccamembe,91
82,sdeanna,90
83,pbomber,91
84,snuts,90
85,burswyck,91
86,nderek,92
87,mlothair,91
88,jnewt,92
89,ltacos,91
90,achopper,89
91,mehtel,90
92,jvoor,91
